{
  "com.liferay.oauth2.provider.configuration.OAuth2ProviderApplicationUserAgentConfiguration~my-workflow-action-2-user-agent" : {
    "baseURL" : "${portalURL}/o/workflow-action-service-springboot",
    "description" : "",
    "dxp.lxc.liferay.com.virtualInstanceId" : "default",
    "homePageURL" : "https://$[conf:ext.lxc.liferay.com.mainDomain]",
    "name" : "",
    "scopes" : [ "Liferay.Headless.Admin.Workflow.everything" ],
    "sourceCodeURL" : "",
    "type" : "oAuthApplicationUserAgent",
    "typeSettings" : [ "scopes=Liferay.Headless.Admin.Workflow.everything", "homePageURL=https://$[conf:ext.lxc.liferay.com.mainDomain]" ]
  }
}